{
  "token":"Bearer eyJhbGciOiJIUzI1NiIsInR5cCI6IkpXVCJ9.eyJ1c2VyX2lkIjoiNWFlMTg4ZDZmNGU0MzkxZjI0ZTZhYzEwIiwiaWF0IjoxNTI1MDgyMTI1LCJleHAiOjE1MjUwOTIxMjV9.U2Vs8NBHoZwr3FJtI6rwmx7YdyKtMCMP2zSspKQn8A4",
  "data":[
    {
      "project":[
        {
          "name":"steak-0",
          "description":"Steak",
          "id":"1",
          "startDate":"2018-04-26T08:07:50.635Z",
          "endDate":"2018-04-26T08:07:50.635Z",
          "duration":"3hr"
        },
        {
          "name":"steak-1",
          "description":"Steak",
          "id":"1",
          "startDate":"2018-04-26T08:07:50.635Z",
          "endDate":"2018-04-26T08:07:50.635Z",
          "duration":"3hr"
        },
        {
          "name":"steak-2",
          "description":"Steak",
          "id":"1",
          "startDate":"2018-04-26T08:07:50.635Z",
          "endDate":"2018-04-26T08:07:50.635Z",
          "duration":"3hr"
        },
        {
          "name":"steak-3",
          "description":"Steak",
          "id":"1",
          "startDate":"2018-04-26T08:07:50.635Z",
          "endDate":"2018-04-26T08:07:50.635Z",
          "duration":"3hr"
        },
        {
          "name":"steak-4",
          "description":"Steak",
          "id":"1",
          "startDate":"2018-04-26T08:07:50.635Z",
          "endDate":"2018-04-26T08:07:50.635Z",
          "duration":"3hr"
        },
        {
          "name":"steak-5",
          "description":"Steak",
          "id":"1",
          "startDate":"2018-04-26T08:07:50.635Z",
          "endDate":"2018-04-26T08:07:50.635Z",
          "duration":"3hr"
        }

      ],
      "bu": [
        {
        "id": "1",
        "name": "BU-FS-1"
        },
        {
          "id": "2",
          "name": "BU-FS-2"
        }
      ],
      "app": [
        {
          "id": "1",
          "name": "App-1"
        },
        {
          "id": "2",
          "name": "App-2"
        },
        {
          "id": "3",
          "name": "App-3"
        }
      ],
      "env": [
        {
          "id": "1",
          "name": "Local"
        },
        {
          "id": "2",
          "name": "ALM-VID"
        }
      ],
      "tc": [
        {
          "id": "1",
          "name": "Manual"
        },
        {
          "id": "2",
          "name": "ALM-UTF"
        },
        {
          "id": "3",
          "name": "ALM-Auto"
        }
      ],
      "resultSet": [
        {
        "name":"steak-0",
        "description":"Steak",
        "id":"1",
        "startDate":"2018-04-26T08:07:50.635Z",
        "endDate":"2018-04-26T08:07:50.635Z",
        "duration":"3hr"
      },
        {
          "name":"steak-1",
          "description":"Steak",
          "id":"1",
          "startDate":"2018-04-26T08:07:50.635Z",
          "endDate":"2018-04-26T08:07:50.635Z",
          "duration":"3hr"
        },
        {
          "name":"steak-2",
          "description":"Steak",
          "id":"1",
          "startDate":"2018-04-26T08:07:50.635Z",
          "endDate":"2018-04-26T08:07:50.635Z",
          "duration":"3hr"
        },
        {
          "name":"steak-3",
          "description":"Steak",
          "id":"1",
          "startDate":"2018-04-26T08:07:50.635Z",
          "endDate":"2018-04-26T08:07:50.635Z",
          "duration":"3hr"
        },
        {
          "name":"steak-4",
          "description":"Steak",
          "id":"1",
          "startDate":"2018-04-26T08:07:50.635Z",
          "endDate":"2018-04-26T08:07:50.635Z",
          "duration":"3hr"
        },
        {
          "name":"steak-5",
          "description":"Steak",
          "id":"1",
          "startDate":"2018-04-26T08:07:50.635Z",
          "endDate":"2018-04-26T08:07:50.635Z",
          "duration":"3hr"
        }]
    }
  ],
  "success":true
}
