{
  "$schema": "./node_modules/@angular/cli/lib/config/schema.json",
  "project": {
    "name": "ssp"
  },
  "apps": [
    {
      "root": "src",
      "outDir": "dist",
      "assets": [
        "assets",
        "favicon.ico"
      ],
      "index": "index.html",
      "main": "main.ts",
      "polyfills": "polyfills.ts",
      "test": "test.ts",
      "tsconfig": "tsconfig.app.json",
      "testTsconfig": "tsconfig.spec.json",
      "prefix": "app",
      "styles": [
        "../node_modules/@swimlane/ngx-datatable/release/index.css",
        "../node_modules/@swimlane/ngx-datatable/release/themes/material.css",
        "assets/fonts/pe/css/pe-icon-set-weather.css",
        "assets/fonts/data-table/icons.css",
        "assets/styles/app.scss",
        "../node_modules/bootstrap/dist/css/bootstrap.css",
        "../node_modules/ngx-select-dropdown/dist/assets/style.css"
      ],
      "scripts": [
        "../node_modules/hammerjs/hammer.min.js",
        "../node_modules/chart.js/dist/Chart.bundle.min.js",
        "../node_modules/jquery/dist/jquery.js",
        "../node_modules/popper.js/dist/umd/popper.js",
        "../node_modules/bootstrap/dist/js/bootstrap.min.js"
      ],
      "environmentSource": "environments/environment.ts",
      "environments": {
        "dev": "environments/environment.ts",
        "prod": "environments/environment.prod.ts"
      },
      "showCircularDependencies": false
    }
  ],
  "e2e": {
    "protractor": {
      "config": "./protractor.conf.js"
    }
  },
  "lint": [
    {
      "project": "src/tsconfig.app.json",
      "exclude": "**/node_modules/**"
    },
    {
      "project": "src/tsconfig.spec.json",
      "exclude": "**/node_modules/**"
    },
    {
      "project": "e2e/tsconfig.e2e.json",
      "exclude": "**/node_modules/**"
    }
  ],
  "test": {
    "karma": {
      "config": "./karma.conf.js"
    }
  },
  "defaults": {
    "styleExt": "scss",
    "component": {},
    "build": {
      "showCircularDependencies": false
    }
  }
}
